doc_id,system,device,area,alarm_code,alarm_name,severity,tag,trigger,possible_causes,actions,reset_condition,source_doc,section_id,chunk_id,table_id,row_id,image_id
DOC-P203,高压给水泵系统,P203A/B 高压给水离心泵,动力站二层泵区,P203-A001,吸入口压力低,高,P203_SUCP,连续 10 s < 0.16 MPa,上游罐液位低或入口阀未全开；吸入过滤器堵塞导致压降增大；泵入口管线存在气袋或排气不充分；流量突增导致吸入侧压力瞬间下降,立即确认上游液位和入口阀开度；检查吸入过滤器差压，必要时切换备用过滤器；打开泵体排气点进行短时排气；若振动同步升高，降低负荷并准备切备用泵,吸入口压力稳定 > 0.22 MPa 且无汽蚀噪声 3 min,DOC-P203_pump_alarm_manual.docx,DOC-P203-SEC-04,DOC-P203-CH-001,DOC-P203-TALARM,DOC-P203-TALARM-R001,IMG-DOC-P203-SUCP
DOC-P203,高压给水泵系统,P203A/B 高压给水离心泵,动力站二层泵区,P203-A002,出口压力高,高,P203_DISP,连续 8 s > 1.85 MPa,下游调节阀或截止阀误关；出口止回阀卡滞造成压力波动；工艺侧需求降低但泵仍高频运行；压力变送器导压管堵塞造成假高值,核对出口阀、旁路阀和下游调节阀状态；逐步降低变频器频率，禁止骤停造成水锤；比对就地压力表和 DCS 压力值；确认误报警后填写仪表检查单,出口压力回落到 1.65 MPa 以下并保持稳定,DOC-P203_pump_alarm_manual.docx,DOC-P203-SEC-04,DOC-P203-CH-002,DOC-P203-TALARM,DOC-P203-TALARM-R002,IMG-DOC-P203-DISP
DOC-P203,高压给水泵系统,P203A/B 高压给水离心泵,动力站二层泵区,P203-A003,驱动端轴承温度高,中,P203_BT_DE,连续 60 s > 80 ℃,润滑脂过少或过量导致发热；轴承游隙异常或滚道损伤；联轴器对中不良引入附加载荷；环境温度高且通风不良,检查轴承箱外表温度与红外测温结果；查看近 8 小时温度趋势是否阶跃上升；降低泵负荷并安排现场听诊；若温度超过 90℃或伴随异响，立即切换备用泵,轴承温度 < 72℃ 且趋势不再上升,DOC-P203_pump_alarm_manual.docx,DOC-P203-SEC-04,DOC-P203-CH-003,DOC-P203-TALARM,DOC-P203-TALARM-R003,IMG-DOC-P203-BEARING
DOC-P203,高压给水泵系统,P203A/B 高压给水离心泵,动力站二层泵区,P203-A004,泵体振动高,高,P203_VIB,RMS 连续 30 s > 5.5 mm/s,吸入压力低引起汽蚀；叶轮积垢或局部损坏导致不平衡；地脚螺栓松动或基础刚度下降；联轴器不对中或轴承缺陷,先排除 P203-A001 是否同时存在；检查泵体、轴承箱和管线是否异常振动；采集频谱，区分 1X 不平衡与高频汽蚀；超过 7.1 mm/s 时切备用泵并申请检修,振动 RMS < 4.0 mm/s 且频谱无新增异常峰,DOC-P203_pump_alarm_manual.docx,DOC-P203-SEC-04,DOC-P203-CH-004,DOC-P203-TALARM,DOC-P203-TALARM-R004,IMG-DOC-P203-VIB
DOC-P203,高压给水泵系统,P203A/B 高压给水离心泵,动力站二层泵区,P203-A005,机械密封冲洗流量低,高,P203_SEAL_FL,连续 15 s < 2.5 L/min,冲洗管路节流孔堵塞；密封冲洗阀误关或开度不足；冲洗液过滤器堵塞；流量计脏污或卡涩,核对冲洗阀开度和流量计指示；打开备用冲洗支路进行比对；检查密封腔温度和泄漏量；禁止长时间带低冲洗运行，必要时停泵保护密封,冲洗流量 > 3.5 L/min 且密封腔温度正常,DOC-P203_pump_alarm_manual.docx,DOC-P203-SEC-04,DOC-P203-CH-005,DOC-P203-TALARM,DOC-P203-TALARM-R005,IMG-DOC-P203-SEAL
DOC-P203,高压给水泵系统,P203A/B 高压给水离心泵,动力站二层泵区,P203-A006,电机电流高,中,P203_MCUR,连续 20 s > 额定电流 110%,出口压力高导致轴功率增加；泵内有异物或转子摩擦；电机绕组温度升高导致负载能力下降；电流互感器量程配置错误,确认出口压力和流量是否超出工况点；检查是否有异常摩擦声；必要时降低频率至安全负荷；仪表可疑时比对 MCC 柜电流表,电流 < 额定电流 95% 并稳定 5 min,DOC-P203_pump_alarm_manual.docx,DOC-P203-SEC-04,DOC-P203-CH-006,DOC-P203-TALARM,DOC-P203-TALARM-R006,IMG-DOC-P203-MCUR
DOC-P203,高压给水泵系统,P203A/B 高压给水离心泵,动力站二层泵区,P203-A007,疑似汽蚀,高,P203_CAV,吸压低且振动高频成分上升,入口液位不足；入口管线局部堵塞；介质温度过高接近饱和；泵运行点偏离设计区间,降低泵流量或频率；提高入口液位或打开补液阀；确认入口过滤器差压；若噪声呈砂石声，应尽快切泵,吸入口压力恢复且汽蚀噪声明显消失,DOC-P203_pump_alarm_manual.docx,DOC-P203-SEC-04,DOC-P203-CH-007,DOC-P203-TALARM,DOC-P203-TALARM-R007,IMG-DOC-P203-CAV
DOC-P203,高压给水泵系统,P203A/B 高压给水离心泵,动力站二层泵区,P203-A008,润滑油压力低,高高,P203_LOP,连续 5 s < 0.08 MPa,润滑油泵故障；油位低或油路泄漏；油过滤器堵塞；压力开关接线松动,立即检查油位和油压表；启动备用油泵或切换备用泵；禁止在油压低状态下继续运行；通知维修检查油过滤器和油路,油压 > 0.12 MPa 且轴承温度无继续上升,DOC-P203_pump_alarm_manual.docx,DOC-P203-SEC-04,DOC-P203-CH-008,DOC-P203-TALARM,DOC-P203-TALARM-R008,IMG-DOC-P203-LOP
DOC-P203,高压给水泵系统,P203A/B 高压给水离心泵,动力站二层泵区,P203-A009,联轴器防护罩打开,低,P203_GUARD,防护罩限位开关断开,检修后防护罩未复位；限位开关松动；线缆接头进水；误碰防护罩导致瞬时报警,禁止靠近旋转部件；现场确认防护罩安装状态；复位限位开关并检查紧固；检修票关闭前不得强制屏蔽,防护罩复位且安全员确认,DOC-P203_pump_alarm_manual.docx,DOC-P203-SEC-04,DOC-P203-CH-009,DOC-P203-TALARM,DOC-P203-TALARM-R009,IMG-DOC-P203-GUARD
DOC-P203,高压给水泵系统,P203A/B 高压给水离心泵,动力站二层泵区,P203-A010,备用泵自启动失败,高,P203_STBY_FAIL,主泵跳停后备用泵 15 s 内未反馈运行,备用泵就地/远程开关不在远程；备用泵电气故障或 MCC 未合闸；出口阀联锁未满足；DCS 启动命令未下发或反馈丢失,立即人工确认备用泵状态；检查 MCC、远程模式和联锁条件；必要时按现场规程手动启动备用泵；记录自启动失败前后的事件顺序,备用泵远程启动试验成功,DOC-P203_pump_alarm_manual.docx,DOC-P203-SEC-04,DOC-P203-CH-010,DOC-P203-TALARM,DOC-P203-TALARM-R010,IMG-DOC-P203-STBY
DOC-K401,仪表空气压缩系统,K401A/B 螺杆空气压缩机,公用工程空压站,K401-A001,排气压力高,中,K401_DISP,连续 10 s > 0.82 MPa,管网用气量突然降低；卸载阀动作迟滞；压力传感器零点漂移；出口止回阀回座不良,检查加载/卸载状态是否正确；确认下游储气罐压力和安全阀状态；切换至手动卸载观察压力下降；安排仪表校验压力变送器,压力低于 0.76 MPa 后自动复位,DOC-K401_air_compressor_alarm_manual.docx,DOC-K401-SEC-04,DOC-K401-CH-001,DOC-K401-TALARM,DOC-K401-TALARM-R001,IMG-DOC-K401-PRESS
DOC-K401,仪表空气压缩系统,K401A/B 螺杆空气压缩机,公用工程空压站,K401-A002,排气温度高,高,K401_OUTT,连续 30 s > 100 ℃,冷却器结垢或风扇故障；润滑油油位低；环境温度过高且通风差；温度探头贴合不良或老化,检查冷却风扇和冷却器进出口温差；确认油位和油品颜色；降低加载率并观察温度趋势；超过 110℃ 立即停机保护,排气温度 < 88℃ 且冷却系统正常,DOC-K401_air_compressor_alarm_manual.docx,DOC-K401-SEC-04,DOC-K401-CH-002,DOC-K401-TALARM,DOC-K401-TALARM-R002,IMG-DOC-K401-TEMP
DOC-K401,仪表空气压缩系统,K401A/B 螺杆空气压缩机,公用工程空压站,K401-A003,油分离器压差高,中,K401_OILDP,连续 5 min > 75 kPa,油分芯堵塞；润滑油劣化形成胶质；回油管堵塞；压差取压口堵塞,记录压差趋势并降低负荷；检查油分芯更换周期；确认回油管温度和流通状态；计划停机更换油分芯,压差 < 55 kPa，且油耗恢复正常,DOC-K401_air_compressor_alarm_manual.docx,DOC-K401-SEC-04,DOC-K401-CH-003,DOC-K401-TALARM,DOC-K401-TALARM-R003,IMG-DOC-K401-OILDP
DOC-K401,仪表空气压缩系统,K401A/B 螺杆空气压缩机,公用工程空压站,K401-A004,机体振动高,高,K401_VIB,连续 30 s > 6.0 mm/s,主机轴承磨损；联轴器弹性体损坏；地脚螺栓松动；油温高导致润滑不足,检查是否伴随排气温度高；现场听诊确认异响位置；采集频谱区分转频与轴承高频；必要时停机切备用机,振动 < 4.5 mm/s 且无异常声,DOC-K401_air_compressor_alarm_manual.docx,DOC-K401-SEC-04,DOC-K401-CH-004,DOC-K401-TALARM,DOC-K401-TALARM-R004,IMG-DOC-K401-VIB
DOC-K401,仪表空气压缩系统,K401A/B 螺杆空气压缩机,公用工程空压站,K401-A005,进气过滤器压差高,低,K401_AIRDP,连续 10 min > 1.8 kPa,滤芯积尘严重；进气口附近有施工扬尘；压差管积水；滤芯安装方向错误,检查进气滤芯污染程度；临时降低加载率避免负压过大；吹扫压差管并核对读数；更换滤芯后记录压差基线,压差 < 1.0 kPa,DOC-K401_air_compressor_alarm_manual.docx,DOC-K401-SEC-04,DOC-K401-CH-005,DOC-K401-TALARM,DOC-K401-TALARM-R005,IMG-DOC-K401-FILTER
DOC-K401,仪表空气压缩系统,K401A/B 螺杆空气压缩机,公用工程空压站,K401-A006,主电机过载,高,K401_MCUR,连续 15 s > 额定 115%,排气压力偏高导致负荷过大；电源电压偏低；轴承或主机摩擦阻力增大；电机保护参数设置不匹配,核对管网压力和加载阀状态；检查三相电压平衡度；短时卸载验证电流是否下降；保护跳闸后禁止连续强启,电流回到额定 95% 以下并确认无机械卡涩,DOC-K401_air_compressor_alarm_manual.docx,DOC-K401-SEC-04,DOC-K401-CH-006,DOC-K401-TALARM,DOC-K401-TALARM-R006,IMG-DOC-K401-MCUR
DOC-K401,仪表空气压缩系统,K401A/B 螺杆空气压缩机,公用工程空压站,K401-A007,干燥机出口露点高,中,K401_DEWP,连续 15 min > -10 ℃,再生气量不足；吸附塔切换阀泄漏；前置排水不充分导致液态水进入；露点仪探头污染,检查干燥机运行周期和切塔动作；确认前后置过滤器排水正常；临时旁通前不得直接供关键仪表；校验露点仪并清洁探头,露点 < -20℃ 且稳定 30 min,DOC-K401_air_compressor_alarm_manual.docx,DOC-K401-SEC-04,DOC-K401-CH-007,DOC-K401-TALARM,DOC-K401-TALARM-R007,IMG-DOC-K401-DEW
DOC-K401,仪表空气压缩系统,K401A/B 螺杆空气压缩机,公用工程空压站,K401-A008,自动排凝故障,中,K401_DRAIN,排凝阀动作后液位仍高,电子排水阀堵塞；排水管冻结或背压高；液位开关粘连；过滤器含水量异常增大,手动排凝并观察排水量；拆检排水阀滤网；检查排水管伴热和背压；排凝恢复前加强巡检频次,排凝阀动作后液位下降至正常,DOC-K401_air_compressor_alarm_manual.docx,DOC-K401-SEC-04,DOC-K401-CH-008,DOC-K401-TALARM,DOC-K401-TALARM-R008,IMG-DOC-K401-DRAIN
DOC-K401,仪表空气压缩系统,K401A/B 螺杆空气压缩机,公用工程空压站,K401-A009,紧急停车按钮动作,高高,K401_ESTOP,急停回路断开,现场急停按钮被按下；急停线路断线；安全继电器故障；检修隔离未解除,确认人员安全和现场原因；禁止远程复位代替现场确认；复位急停并检查安全继电器状态；记录急停原因和恢复人,现场确认安全，急停复位，安全回路闭合,DOC-K401_air_compressor_alarm_manual.docx,DOC-K401-SEC-04,DOC-K401-CH-009,DOC-K401-TALARM,DOC-K401-TALARM-R009,IMG-DOC-K401-ESTOP
DOC-K401,仪表空气压缩系统,K401A/B 螺杆空气压缩机,公用工程空压站,K401-A010,加载/卸载切换失败,中,K401_LOAD,命令发出后 20 s 状态未变化,加载电磁阀失电或卡涩；卸载阀气源不足；控制器输出故障；状态反馈开关失准,检查电磁阀线圈和气源压力；手动动作加载阀确认机械灵活性；核对 PLC 输出和反馈点；必要时切备用机供气,加载/卸载动作试验连续 3 次正常,DOC-K401_air_compressor_alarm_manual.docx,DOC-K401-SEC-04,DOC-K401-CH-010,DOC-K401-TALARM,DOC-K401-TALARM-R010,IMG-DOC-K401-LOAD
DOC-R101,间歇反应温度控制系统,R101 夹套反应釜,合成车间一线,R101-A001,夹套温度高,高,R101_JT,夹套温度 > 150℃ 持续 20 s,蒸汽调节阀泄漏或卡开；温控 PID 输出过大；夹套温度传感器偏高；阶段切换后蒸汽未及时关闭,立即关闭蒸汽切断阀并确认反馈；打开冷却水小流量旁路降低夹套温度；检查 PID 手/自动状态和输出限幅；记录阶段号和投料状态,夹套温度 < 120℃ 且蒸汽阀关闭反馈正常,DOC-R101_reactor_temperature_fault_manual.docx,DOC-R101-SEC-04,DOC-R101-CH-001,DOC-R101-TALARM,DOC-R101-TALARM-R001,IMG-DOC-R101-JACKET
DOC-R101,间歇反应温度控制系统,R101 夹套反应釜,合成车间一线,R101-A002,釜温偏差大,中,R101_TDEV,|釜温-设定值| > 8℃ 持续 2 min,PID 参数不适合当前批次；冷却水或蒸汽能力不足；投料温度偏离配方；温度探头插入深度异常,确认当前配方阶段和设定值；检查加热/冷却执行器开度；暂停非关键投料并观察趋势；必要时切换为手动限幅控制,偏差 < 3℃ 且趋势收敛,DOC-R101_reactor_temperature_fault_manual.docx,DOC-R101-SEC-04,DOC-R101-CH-002,DOC-R101-TALARM,DOC-R101-TALARM-R002,IMG-DOC-R101-TDEV
DOC-R101,间歇反应温度控制系统,R101 夹套反应釜,合成车间一线,R101-A003,搅拌器跳停,高高,R101_AGI,运行命令存在但反馈为 0 超过 5 s,变频器故障；机械密封抱死或搅拌轴卡涩；电机过载保护动作；检修联锁未解除,立即停止投料并进入批次保持；确认釜内温升速率是否异常；通知现场检查变频器故障码；若反应放热，启动紧急冷却并准备泄压预案,搅拌恢复并低速试运行无异常电流,DOC-R101_reactor_temperature_fault_manual.docx,DOC-R101-SEC-04,DOC-R101-CH-003,DOC-R101-TALARM,DOC-R101-TALARM-R003,IMG-DOC-R101-AGI
DOC-R101,间歇反应温度控制系统,R101 夹套反应釜,合成车间一线,R101-A004,冷却水流量低,高,R101_CWF,冷却水流量 < 15 m3/h 持续 30 s,冷却水泵出口压力低；夹套入口阀未打开；过滤器堵塞；流量计气泡或信号故障,检查冷却水总管压力和阀位；打开备用冷却水支路；暂停升温和放热投料；与公用工程确认是否全厂波动,流量 > 20 m3/h 且阀位响应正常,DOC-R101_reactor_temperature_fault_manual.docx,DOC-R101-SEC-04,DOC-R101-CH-004,DOC-R101-TALARM,DOC-R101-TALARM-R004,IMG-DOC-R101-CWF
DOC-R101,间歇反应温度控制系统,R101 夹套反应釜,合成车间一线,R101-A005,蒸汽阀疑似卡滞,高,R101_STV,阀门命令变化后反馈偏差 > 15% 持续 30 s,执行机构气源不足；阀杆卡涩；定位器故障；阀位反馈电位器漂移,切至手动并小幅阶跃测试响应；关闭上游手阀防止继续加热；联系仪表检查定位器；禁止在未知阀位下继续升温,阀门开度反馈与命令偏差 < 5%,DOC-R101_reactor_temperature_fault_manual.docx,DOC-R101-SEC-04,DOC-R101-CH-005,DOC-R101-TALARM,DOC-R101-TALARM-R005,IMG-DOC-R101-STV
DOC-R101,间歇反应温度控制系统,R101 夹套反应釜,合成车间一线,R101-A006,釜温传感器漂移,中,R101_T,双支温度差 > 4℃ 持续 5 min,主测温元件老化；接线端子松动；传感器套管积垢导致响应慢；一支传感器插入深度变化,比对就地温度计和历史趋势；切换到可信温度通道参与控制；降低 PID 灵敏度防止误动作；批次结束后安排校验,双支差值 < 1.5℃ 或确认单点隔离,DOC-R101_reactor_temperature_fault_manual.docx,DOC-R101-SEC-04,DOC-R101-CH-006,DOC-R101-TALARM,DOC-R101-TALARM-R006,IMG-DOC-R101-SENSOR
DOC-R101,间歇反应温度控制系统,R101 夹套反应釜,合成车间一线,R101-A007,放热速率高,高高,R101_DTD,dT/dt > 1.5℃/min 持续 2 min,投料过快；搅拌效率下降；冷却能力不足；反应诱导期结束后快速放热,立即停止投料并启动最大冷却；确认搅拌和冷却水流量；通知班长进入异常批次评审；严禁继续升温或追加催化剂,dT/dt < 0.2℃/min 且釜温低于阶段上限 5℃,DOC-R101_reactor_temperature_fault_manual.docx,DOC-R101-SEC-04,DOC-R101-CH-007,DOC-R101-TALARM,DOC-R101-TALARM-R007,IMG-DOC-R101-EXO
DOC-R101,间歇反应温度控制系统,R101 夹套反应釜,合成车间一线,R101-A008,投料联锁动作,高,R101_FEED_ILK,任一投料前置条件不满足,釜温未进入允许窗口；搅拌未运行；氮封压力低；阀门状态反馈异常,查看联锁条件矩阵定位未满足项；不要强制旁路投料联锁；完成条件恢复后重新申请投料；记录联锁发生时的批次号,所有前置条件满足并由班长确认,DOC-R101_reactor_temperature_fault_manual.docx,DOC-R101-SEC-04,DOC-R101-CH-008,DOC-R101-TALARM,DOC-R101-TALARM-R008,IMG-DOC-R101-FEED
DOC-R101,间歇反应温度控制系统,R101 夹套反应釜,合成车间一线,R101-A009,氮封压力低,中,R101_N2P,氮封压力 < 2 kPa 持续 60 s,氮气总管压力低；补氮阀关闭或卡涩；呼吸阀泄漏；釜内冷却造成压力下降,确认氮气总管压力；打开备用补氮支路；检查呼吸阀和放空阀状态；易氧化物料批次暂停开盖操作,氮封压力恢复到 4 ~ 6 kPa,DOC-R101_reactor_temperature_fault_manual.docx,DOC-R101-SEC-04,DOC-R101-CH-009,DOC-R101-TALARM,DOC-R101-TALARM-R009,IMG-DOC-R101-N2
DOC-R101,间歇反应温度控制系统,R101 夹套反应釜,合成车间一线,R101-A010,批次保持要求,中,R101_HOLD,异常条件触发后进入 HOLD,关键参数超限等待确认；操作员手动保持；上游投料异常；质量取样结果未放行,保持当前阀位或转入安全阀位；冻结配方阶段并禁止自动跳步；填写批次偏差记录；由工艺工程师确认恢复路径,偏差记录关闭且恢复条件满足,DOC-R101_reactor_temperature_fault_manual.docx,DOC-R101-SEC-04,DOC-R101-CH-010,DOC-R101-TALARM,DOC-R101-TALARM-R010,IMG-DOC-R101-HOLD
DOC-CV302,包装输送系统,CV302 变频皮带输送机,包装车间三层输送线,CV302-A001,皮带速度低,中,CV302_SPD,速度 < 0.65 m/s 持续 15 s,皮带打滑；负载过重；变频器限频；滚筒包胶磨损,检查皮带张紧和滚筒积料；降低给料量；查看 VFD 输出频率；必要时停机清理,速度恢复到 0.8 m/s 以上,DOC-CV302_conveyor_vfd_alarm_manual.docx,DOC-CV302-SEC-04,DOC-CV302-CH-001,DOC-CV302-TALARM,DOC-CV302-TALARM-R001,SPD
DOC-CV302,包装输送系统,CV302 变频皮带输送机,包装车间三层输送线,CV302-A002,变频器过流,高,CV302_VFDI,电流 > 额定 130% 持续 3 s,下游堵料导致负载升高；制动器未释放；电机轴承卡涩；加速时间过短,立即停止上游给料；检查制动器反馈；查看 VFD 故障代码；复位前盘车确认无卡阻,故障复位后空载运行电流正常,DOC-CV302_conveyor_vfd_alarm_manual.docx,DOC-CV302-SEC-04,DOC-CV302-CH-002,DOC-CV302-TALARM,DOC-CV302-TALARM-R002,VFD
DOC-CV302,包装输送系统,CV302 变频皮带输送机,包装车间三层输送线,CV302-A003,皮带跑偏,高,CV302_ALIGN,任一跑偏开关动作超过 5 s,落料点偏斜；托辊损坏；皮带接头不正；张紧装置两侧不均,停止给料但保留低速运行观察；调整导料槽和落料点；检查托辊转动；严重跑偏时立即停机,跑偏开关复位且空载试车正常,DOC-CV302_conveyor_vfd_alarm_manual.docx,DOC-CV302-SEC-04,DOC-CV302-CH-003,DOC-CV302-TALARM,DOC-CV302-TALARM-R003,ALIGN
DOC-CV302,包装输送系统,CV302 变频皮带输送机,包装车间三层输送线,CV302-A004,电机轴承温度高,中,CV302_MBT,温度 > 85℃ 持续 60 s,润滑不足；粉尘进入轴承；轴承游隙异常；环境散热差,红外测温复核；检查润滑周期；降低负载观察趋势；准备检修更换轴承,温度低于 75℃,DOC-CV302_conveyor_vfd_alarm_manual.docx,DOC-CV302-SEC-04,DOC-CV302-CH-004,DOC-CV302-TALARM,DOC-CV302-TALARM-R004,MBT
DOC-CV302,包装输送系统,CV302 变频皮带输送机,包装车间三层输送线,CV302-A005,拉绳急停动作,高高,CV302_PULL,拉绳开关回路断开,现场人员拉停；拉绳松弛；开关进水；检修未复位,确认人员安全；沿线检查所有拉绳开关；复位前通知中控；记录动作位置,所有拉绳开关复位并现场确认,DOC-CV302_conveyor_vfd_alarm_manual.docx,DOC-CV302-SEC-04,DOC-CV302-CH-005,DOC-CV302-TALARM,DOC-CV302-TALARM-R005,PULL
DOC-CV302,包装输送系统,CV302 变频皮带输送机,包装车间三层输送线,CV302-A006,溜槽堵料,高,CV302_CHUTE,堵料开关动作超过 10 s,下游皮带停机；物料湿黏；挡板开度异常；除尘负压不足,立即停止上游给料；确认下游设备状态；清理堵料时执行挂牌；恢复后低速试运行,堵料开关复位且下游畅通,DOC-CV302_conveyor_vfd_alarm_manual.docx,DOC-CV302-SEC-04,DOC-CV302-CH-006,DOC-CV302-TALARM,DOC-CV302-TALARM-R006,CHUTE
DOC-CV302,包装输送系统,CV302 变频皮带输送机,包装车间三层输送线,CV302-A007,零速开关故障,中,CV302_ZSS,运行命令存在但零速反馈为 0,探头间隙过大；测速片脱落；传感器供电异常；接线松动,核对实际皮带是否转动；检查传感器指示灯；调整间隙；必要时临时使用编码器速度判断,零速反馈稳定,DOC-CV302_conveyor_vfd_alarm_manual.docx,DOC-CV302-SEC-04,DOC-CV302-CH-007,DOC-CV302-TALARM,DOC-CV302-TALARM-R007,ZSS
DOC-CV302,包装输送系统,CV302 变频皮带输送机,包装车间三层输送线,CV302-A008,编码器信号丢失,中,CV302_ENC,编码器脉冲 5 s 无变化,编码器联轴器松动；线缆断线；粉尘污染码盘；高速计数模块故障,检查编码器机械连接；测量脉冲输入；清洁编码器；切换备用速度反馈,脉冲恢复且速度显示连续,DOC-CV302_conveyor_vfd_alarm_manual.docx,DOC-CV302-SEC-04,DOC-CV302-CH-008,DOC-CV302-TALARM,DOC-CV302-TALARM-R008,ENC
DOC-CV302,包装输送系统,CV302 变频皮带输送机,包装车间三层输送线,CV302-A009,制动器释放失败,高,CV302_BRK,启动命令后制动器未释放,制动线圈损坏；制动器间隙过小；整流模块故障；反馈开关卡住,禁止反复强启；测量制动线圈电压；手动释放检查机械卡涩；检修后重新校验反馈,释放反馈正常,DOC-CV302_conveyor_vfd_alarm_manual.docx,DOC-CV302-SEC-04,DOC-CV302-CH-009,DOC-CV302-TALARM,DOC-CV302-TALARM-R009,BRK
DOC-CV302,包装输送系统,CV302 变频皮带输送机,包装车间三层输送线,CV302-A010,除尘联锁未满足,中,CV302_DUST,除尘风机未运行或压差异常,除尘风机跳停；滤袋堵塞；压差开关故障；联锁旁路未关闭,先启动除尘系统；确认压差在允许范围；禁止无除尘长期输送粉料；检查联锁旁路状态,除尘运行且压差正常,DOC-CV302_conveyor_vfd_alarm_manual.docx,DOC-CV302-SEC-04,DOC-CV302-CH-010,DOC-CV302-TALARM,DOC-CV302-TALARM-R010,DUST
DOC-CW501,循环冷却水系统,CW501A/B 冷却水泵与 CT501 冷却塔,公用工程循环水站,CW501-A001,供水压力低,高,CW501_SP,压力 < 0.28 MPa 持续 20 s,运行泵跳停；旁通阀误开；塔盆液位低导致汽蚀；总管泄漏,确认运行泵状态；启动备用泵；检查旁通阀和补水阀；通知主要用户降低负荷,压力 > 0.34 MPa,DOC-CW501_cooling_water_alarm_manual.docx,DOC-CW501-SEC-04,DOC-CW501-CH-001,DOC-CW501-TALARM,DOC-CW501-TALARM-R001,SP
DOC-CW501,循环冷却水系统,CW501A/B 冷却水泵与 CT501 冷却塔,公用工程循环水站,CW501-A002,回水温度高,中,CW501_RT,回水温度 > 38℃ 持续 10 min,冷却塔风机停运；环境湿球温度高；换热器结垢；循环量不足,增加风机台数；确认塔填料布水均匀；检查供水流量；通知工艺侧评估降负荷,回水温度 < 35℃,DOC-CW501_cooling_water_alarm_manual.docx,DOC-CW501-SEC-04,DOC-CW501-CH-002,DOC-CW501-TALARM,DOC-CW501-TALARM-R002,RT
DOC-CW501,循环冷却水系统,CW501A/B 冷却水泵与 CT501 冷却塔,公用工程循环水站,CW501-A003,冷却塔风机跳停,高,CT501_FAN,运行命令存在但反馈为 0,电机保护动作；振动开关动作；皮带断裂；变频器故障,查看电气故障码；检查风机振动和皮带；切换备用风机；高温天气优先恢复冷却能力,风机运行反馈正常,DOC-CW501_cooling_water_alarm_manual.docx,DOC-CW501-SEC-04,DOC-CW501-CH-003,DOC-CW501-TALARM,DOC-CW501-TALARM-R003,FAN
DOC-CW501,循环冷却水系统,CW501A/B 冷却水泵与 CT501 冷却塔,公用工程循环水站,CW501-A004,冷却水泵振动高,高,CW501_VIB,振动 > 6.3 mm/s 持续 30 s,汽蚀；轴承损伤；叶轮不平衡；基础松动,检查塔盆液位和吸入口压力；现场听诊；采集频谱；超限严重时切泵,振动 < 4.5 mm/s,DOC-CW501_cooling_water_alarm_manual.docx,DOC-CW501-SEC-04,DOC-CW501-CH-004,DOC-CW501-TALARM,DOC-CW501-TALARM-R004,VIB
DOC-CW501,循环冷却水系统,CW501A/B 冷却水泵与 CT501 冷却塔,公用工程循环水站,CW501-A005,旁滤器压差高,低,CW501_FDP,压差 > 80 kPa 持续 15 min,滤网堵塞；反洗失败；入口阀未全开；压差表堵塞,启动反洗程序；切换旁滤器支路；检查反洗排水是否畅通；维护压差取压口,压差 < 45 kPa,DOC-CW501_cooling_water_alarm_manual.docx,DOC-CW501-SEC-04,DOC-CW501-CH-005,DOC-CW501-TALARM,DOC-CW501-TALARM-R005,FDP
DOC-CW501,循环冷却水系统,CW501A/B 冷却水泵与 CT501 冷却塔,公用工程循环水站,CW501-A006,补水液位低,高,CW501_BASIN,塔盆液位 < 35% 持续 60 s,补水阀故障；补水总管压力低；排污阀未关严；泄漏,打开备用补水；检查排污阀；降低循环泵负荷防汽蚀；巡检塔盆泄漏,液位 > 50%,DOC-CW501_cooling_water_alarm_manual.docx,DOC-CW501-SEC-04,DOC-CW501-CH-006,DOC-CW501-TALARM,DOC-CW501-TALARM-R006,BASIN
DOC-CW501,循环冷却水系统,CW501A/B 冷却水泵与 CT501 冷却塔,公用工程循环水站,CW501-A007,电导率高,中,CW501_COND,电导率 > 2400 μS/cm 持续 30 min,浓缩倍数过高；排污阀未动作；补水水质异常；电导率探头污染,启动排污；确认补水水质；清洗探头；加密水质化验,电导率 < 2100 μS/cm,DOC-CW501_cooling_water_alarm_manual.docx,DOC-CW501-SEC-04,DOC-CW501-CH-007,DOC-CW501-TALARM,DOC-CW501-TALARM-R007,COND
DOC-CW501,循环冷却水系统,CW501A/B 冷却水泵与 CT501 冷却塔,公用工程循环水站,CW501-A008,加药泵故障,中,CW501_CHEM,加药泵运行反馈丢失,药箱液位低；隔膜破损；出口单向阀堵塞；电机故障,检查药箱液位；切换备用加药泵；检查出口压力；记录未加药时间,加药流量恢复,DOC-CW501_cooling_water_alarm_manual.docx,DOC-CW501-SEC-04,DOC-CW501-CH-008,DOC-CW501-TALARM,DOC-CW501-TALARM-R008,CHEM
DOC-CW501,循环冷却水系统,CW501A/B 冷却水泵与 CT501 冷却塔,公用工程循环水站,CW501-A009,塔盆液位高,中,CW501_BASIN,液位 > 85% 持续 120 s,补水阀内漏；雨水进入塔盆；液位计漂移；溢流管堵塞,关闭补水阀观察；检查溢流管；比对现场液位；校验液位计,液位回到 65% 以下,DOC-CW501_cooling_water_alarm_manual.docx,DOC-CW501-SEC-04,DOC-CW501-CH-009,DOC-CW501-TALARM,DOC-CW501-TALARM-R009,HIGH
DOC-CW501,循环冷却水系统,CW501A/B 冷却水泵与 CT501 冷却塔,公用工程循环水站,CW501-A010,流量分配异常,中,CW501_FLOW_BAL,支路流量偏差 > 25%,支路阀位不一致；换热器堵塞；流量计故障；用户侧旁路打开,核对各支路阀位；检查换热器进出口温差；比对便携式流量计；调整平衡阀,支路偏差 < 10%,DOC-CW501_cooling_water_alarm_manual.docx,DOC-CW501-SEC-04,DOC-CW501-CH-010,DOC-CW501-TALARM,DOC-CW501-TALARM-R010,BAL
DOC-HLB21,旋转设备状态监测系统,HLB21AN001CE 振动监测点,压缩机房与泵区,HLB21-A001,速度 RMS 高,中,HLB21_VRMS,RMS > 5.0 mm/s 持续 10 min,转子不平衡；基础松动；联轴器不对中；工况流量偏离,查看趋势是否缓慢上升；做 FFT 确认 1X/2X 成分；现场检查地脚螺栓；计划检修动平衡或对中,RMS < 4.0 mm/s,DOC-HLB21_bearing_vibration_diagnosis_manual.docx,DOC-HLB21-SEC-04,DOC-HLB21-CH-001,DOC-HLB21-TALARM,DOC-HLB21-TALARM-R001,RMS
DOC-HLB21,旋转设备状态监测系统,HLB21AN001CE 振动监测点,压缩机房与泵区,HLB21-A002,加速度峰值高,中,HLB21_APK,峰值 > 8 g 持续 5 min,轴承滚动体冲击；异物碰摩；齿轮啮合冲击；传感器安装松动,查看峰值因子和波形；检查安装螺纹扭矩；做包络谱分析；必要时缩短巡检周期,峰值 < 5 g,DOC-HLB21_bearing_vibration_diagnosis_manual.docx,DOC-HLB21-SEC-04,DOC-HLB21-CH-002,DOC-HLB21-TALARM,DOC-HLB21-TALARM-R002,APK
DOC-HLB21,旋转设备状态监测系统,HLB21AN001CE 振动监测点,压缩机房与泵区,HLB21-A003,包络谱外圈特征频率异常,高,HLB21_ENV_BPFO,BPFO 幅值超过基线 3 倍,轴承外圈剥落；润滑污染；载荷冲击；安装座局部变形,复核轴承型号和特征频率；采集高频加速度；检查润滑脂污染；安排停机开盖检查,BPFO 幅值回落或更换轴承后正常,DOC-HLB21_bearing_vibration_diagnosis_manual.docx,DOC-HLB21-SEC-04,DOC-HLB21-CH-003,DOC-HLB21-TALARM,DOC-HLB21-TALARM-R003,BPFO
DOC-HLB21,旋转设备状态监测系统,HLB21AN001CE 振动监测点,压缩机房与泵区,HLB21-A004,包络谱内圈特征频率异常,高,HLB21_ENV_BPFI,BPFI 幅值超过基线 3 倍,轴承内圈裂纹；过盈配合异常；轴电流损伤；长期过载,核对转速修正后的 BPFI；观察边带是否明显；检查接地碳刷或轴电压；准备更换轴承,BPFI 幅值低于报警线,DOC-HLB21_bearing_vibration_diagnosis_manual.docx,DOC-HLB21-SEC-04,DOC-HLB21-CH-004,DOC-HLB21-TALARM,DOC-HLB21-TALARM-R004,BPFI
DOC-HLB21,旋转设备状态监测系统,HLB21AN001CE 振动监测点,压缩机房与泵区,HLB21-A005,疑似不对中,中,HLB21_FFT_2X,2X 转频幅值持续升高,联轴器对中超差；热膨胀补偿不足；软脚；管道应力,检查 1X 与 2X 比例；进行激光对中；检查软脚和管道应力；对中后建立新基线,2X 幅值下降到基线 1.5 倍以内,DOC-HLB21_bearing_vibration_diagnosis_manual.docx,DOC-HLB21-SEC-04,DOC-HLB21-CH-005,DOC-HLB21-TALARM,DOC-HLB21-TALARM-R005,ALIGN
DOC-HLB21,旋转设备状态监测系统,HLB21AN001CE 振动监测点,压缩机房与泵区,HLB21-A006,疑似不平衡,中,HLB21_FFT_1X,1X 转频主导且相位稳定,叶轮积灰；转子磨损；联轴器配重脱落；介质结垢,确认相位是否稳定；检查叶轮和联轴器；清理积灰后复测；必要时做现场动平衡,1X 幅值恢复,DOC-HLB21_bearing_vibration_diagnosis_manual.docx,DOC-HLB21-SEC-04,DOC-HLB21-CH-006,DOC-HLB21-TALARM,DOC-HLB21-TALARM-R006,UNBAL
DOC-HLB21,旋转设备状态监测系统,HLB21AN001CE 振动监测点,压缩机房与泵区,HLB21-A007,机械松动特征,高,HLB21_FFT_HARM,多倍频和半频成分明显,地脚螺栓松动；轴承座裂纹；基础灌浆开裂；传感器座松动,现场检查紧固件；锤击检查基础空鼓；复核传感器底座；缺陷未排除前限制负荷,倍频成分消失,DOC-HLB21_bearing_vibration_diagnosis_manual.docx,DOC-HLB21-SEC-04,DOC-HLB21-CH-007,DOC-HLB21-TALARM,DOC-HLB21-TALARM-R007,LOOSE
DOC-HLB21,旋转设备状态监测系统,HLB21AN001CE 振动监测点,压缩机房与泵区,HLB21-A008,传感器线缆故障,低,HLB21_SNR,信噪比 < 12 dB 或信号断续,航空插头松动；电缆屏蔽破损；采集模块接地差；传感器供电异常,检查插头和电缆；查看原始波形是否削顶；测量 IEPE 供电；更换传感器交叉验证,SNR > 18 dB,DOC-HLB21_bearing_vibration_diagnosis_manual.docx,DOC-HLB21-SEC-04,DOC-HLB21-CH-008,DOC-HLB21-TALARM,DOC-HLB21-TALARM-R008,CABLE
DOC-HLB21,旋转设备状态监测系统,HLB21AN001CE 振动监测点,压缩机房与泵区,HLB21-A009,温度振动耦合升高,高,HLB21_TEMP_VIB,温度和 RMS 同时升高超过基线,润滑失效；轴承损伤加剧；负载升高；冷却不足,联合查看温度和振动趋势；检查润滑系统；降低负荷；缩短复测周期到 2 h,温度和振动均回落,DOC-HLB21_bearing_vibration_diagnosis_manual.docx,DOC-HLB21-SEC-04,DOC-HLB21-CH-009,DOC-HLB21-TALARM,DOC-HLB21-TALARM-R009,TV
DOC-HLB21,旋转设备状态监测系统,HLB21AN001CE 振动监测点,压缩机房与泵区,HLB21-A010,趋势退化预警,中,HLB21_TREND,7 日滚动均值斜率超过阈值,早期磨损；工况长期偏离；润滑周期不合理；基线选择过旧,生成趋势报告；比较同类设备基线；更新维护计划；不要仅凭单点异常停机,趋势斜率回归正常或已完成检修,DOC-HLB21_bearing_vibration_diagnosis_manual.docx,DOC-HLB21-SEC-04,DOC-HLB21-CH-010,DOC-HLB21-TALARM,DOC-HLB21-TALARM-R010,TREND
DOC-B701,蒸汽锅炉系统,B701 水管锅炉,锅炉房主控室,B701-A001,汽包液位高,高,B701_LVL,液位 > +120 mm 持续 10 s,给水调节阀卡开；负荷骤降导致虚假水位；液位计堵塞；三冲量控制异常,降低给水阀开度；核对双色水位计；避免立即大幅排污；确认蒸汽负荷变化,液位回到 +50 mm 内,DOC-B701_boiler_safety_alarm_manual.docx,DOC-B701-SEC-04,DOC-B701-CH-001,DOC-B701-TALARM,DOC-B701-TALARM-R001,LVH
DOC-B701,蒸汽锅炉系统,B701 水管锅炉,锅炉房主控室,B701-A002,汽包液位低,高高,B701_LVL,液位 < -120 mm 持续 5 s,给水泵故障；给水阀关闭；排污阀未关；负荷骤升虚假低水位,立即增加给水并核对真实水位；低低联锁后按规程停炉；严禁缺水后盲目上水；通知班长现场确认,真实水位恢复且无过热风险,DOC-B701_boiler_safety_alarm_manual.docx,DOC-B701-SEC-04,DOC-B701-CH-002,DOC-B701-TALARM,DOC-B701-TALARM-R002,LVL
DOC-B701,蒸汽锅炉系统,B701 水管锅炉,锅炉房主控室,B701-A003,炉膛压力高,高高,B701_FURP,炉膛压力 > +20 Pa 持续 3 s,引风机跳停；烟道挡板关闭；燃烧风配比异常；炉膛爆燃,立即降低燃料；确认引风机和挡板；人员远离炉门看火孔；必要时执行 MFT,炉膛负压恢复,DOC-B701_boiler_safety_alarm_manual.docx,DOC-B701-SEC-04,DOC-B701-CH-003,DOC-B701-TALARM,DOC-B701-TALARM-R003,FURP
DOC-B701,蒸汽锅炉系统,B701 水管锅炉,锅炉房主控室,B701-A004,火焰丧失,高高,B701_FLAME,任一主火焰检测丢失,燃料压力低；点火器故障；风量过大吹灭；火检探头污染,立即执行燃料切断确认；按吹扫程序重新点火；清洁火检探头；禁止未吹扫直接重启,重新点火成功且火焰稳定,DOC-B701_boiler_safety_alarm_manual.docx,DOC-B701-SEC-04,DOC-B701-CH-004,DOC-B701-TALARM,DOC-B701-TALARM-R004,FLAME
DOC-B701,蒸汽锅炉系统,B701 水管锅炉,锅炉房主控室,B701-A005,给水流量低,高,B701_FWF,给水流量低于负荷需求 20%,给水泵汽蚀；调节阀故障；除氧器液位低；流量计故障,检查给水泵出口压力；切换备用泵；降低锅炉负荷；核对除氧器液位,给水流量恢复匹配负荷,DOC-B701_boiler_safety_alarm_manual.docx,DOC-B701-SEC-04,DOC-B701-CH-005,DOC-B701-TALARM,DOC-B701-TALARM-R005,FWF
DOC-B701,蒸汽锅炉系统,B701 水管锅炉,锅炉房主控室,B701-A006,蒸汽压力高,高,B701_STP,压力 > 1.32 MPa 持续 10 s,用汽量骤降；燃料调节滞后；主汽阀开度不足；压力变送器偏差,降低燃料量；打开合规旁路或通知用户增汽；核对压力表；安全阀动作时禁止强制压回,压力 < 1.25 MPa,DOC-B701_boiler_safety_alarm_manual.docx,DOC-B701-SEC-04,DOC-B701-CH-006,DOC-B701-TALARM,DOC-B701-TALARM-R006,STP
DOC-B701,蒸汽锅炉系统,B701 水管锅炉,锅炉房主控室,B701-A007,燃烧管理系统跳闸,高高,B701_BMS,BMS Trip 输出动作,任一硬联锁触发；燃气阀检漏失败；吹扫条件不满足；控制柜故障,读取首出原因；确认燃料切断阀关闭；按规程完成吹扫；未查明原因不得复位,首出原因处理并完成吹扫,DOC-B701_boiler_safety_alarm_manual.docx,DOC-B701-SEC-04,DOC-B701-CH-007,DOC-B701-TALARM,DOC-B701-TALARM-R007,BMS
DOC-B701,蒸汽锅炉系统,B701 水管锅炉,锅炉房主控室,B701-A008,烟气氧量低,中,B701_O2,O2 < 2.0% 持续 60 s,送风量不足；燃料过量；氧量探头漂移；烟道漏风导致控制误判,增加送风或降低燃料；检查风门开度；比对便携式烟气分析仪；清洁氧探头,O2 回到 3% 以上,DOC-B701_boiler_safety_alarm_manual.docx,DOC-B701-SEC-04,DOC-B701-CH-008,DOC-B701-TALARM,DOC-B701-TALARM-R008,O2
DOC-B701,蒸汽锅炉系统,B701 水管锅炉,锅炉房主控室,B701-A009,省煤器出口温度高,中,B701_ECO_T,温度 > 180℃ 持续 5 min,给水流量低；烟气温度高；省煤器结垢；测温点漂移,检查给水流量；降低燃烧负荷；安排清灰和水侧检查；校验温度点,温度 < 165℃,DOC-B701_boiler_safety_alarm_manual.docx,DOC-B701-SEC-04,DOC-B701-CH-009,DOC-B701-TALARM,DOC-B701-TALARM-R009,ECO
DOC-B701,蒸汽锅炉系统,B701 水管锅炉,锅炉房主控室,B701-A010,安全阀动作,高高,B701_SV,安全阀开启反馈或现场确认,蒸汽压力超过整定值；安全阀误动作；压力控制失败；用汽系统阀门关闭,立即降低燃料和压力；人员远离排汽方向；记录动作压力和回座压力；动作后安排校验,安全阀回座且压力正常,DOC-B701_boiler_safety_alarm_manual.docx,DOC-B701-SEC-04,DOC-B701-CH-010,DOC-B701-TALARM,DOC-B701-TALARM-R010,SV
DOC-TK110,配料与储罐系统,TK110 配料罐,制剂车间配料区,TK110-A001,高高液位,高高,TK110_LVL,液位 > 92% 持续 5 s,进料阀未关严；液位计漂移；配方量设置过大；泡沫导致假液位,立即关闭所有进料阀；停止上游泵；核对现场液位和称重；禁止继续投料,液位 < 85% 且原因确认,DOC-TK110_tank_batching_alarm_manual.docx,DOC-TK110-SEC-04,DOC-TK110-CH-001,DOC-TK110-TALARM,DOC-TK110-TALARM-R001,HH
DOC-TK110,配料与储罐系统,TK110 配料罐,制剂车间配料区,TK110-A002,低低液位,高,TK110_LVL,液位 < 8% 持续 10 s,出料泵抽空；液位计故障；排放阀未关；配方阶段未装料,停止出料泵防干运转；检查排放阀；核对称重值；确认液位计状态,液位 > 15%,DOC-TK110_tank_batching_alarm_manual.docx,DOC-TK110-SEC-04,DOC-TK110-CH-002,DOC-TK110-TALARM,DOC-TK110-TALARM-R002,LL
DOC-TK110,配料与储罐系统,TK110 配料罐,制剂车间配料区,TK110-A003,进料阀关闭失败,高,TK110_INV,关闭命令后反馈仍开,气动阀卡涩；电磁阀漏气；反馈开关失准；阀座有异物,关闭上游手阀；停止对应进料泵；检查阀门反馈；必要时隔离该原料线,阀门关闭反馈正常,DOC-TK110_tank_batching_alarm_manual.docx,DOC-TK110-SEC-04,DOC-TK110-CH-003,DOC-TK110-TALARM,DOC-TK110-TALARM-R003,INV
DOC-TK110,配料与储罐系统,TK110 配料罐,制剂车间配料区,TK110-A004,出料泵干运转,高,TK110_PUMP,泵运行且流量低/液位低,罐液位不足；出口阀关闭；泵未灌满；流量计故障,立即停泵；确认罐液位；打开排气灌泵；复位后点动试车,泵有稳定流量且无异响,DOC-TK110_tank_batching_alarm_manual.docx,DOC-TK110-SEC-04,DOC-TK110-CH-004,DOC-TK110-TALARM,DOC-TK110-TALARM-R004,DRY
DOC-TK110,配料与储罐系统,TK110 配料罐,制剂车间配料区,TK110-A005,称量偏差大,中,TK110_WT,实际累计量偏离配方 > 1.5%,流量计系数错误；阀门关闭滞后；称重传感器漂移；人工补料未录入,暂停批次进入 HOLD；核对配方目标量；复核称重零点；由质量人员判定偏差处理,偏差记录关闭,DOC-TK110_tank_batching_alarm_manual.docx,DOC-TK110-SEC-04,DOC-TK110-CH-005,DOC-TK110-TALARM,DOC-TK110-TALARM-R005,WT
DOC-TK110,配料与储罐系统,TK110 配料罐,制剂车间配料区,TK110-A006,搅拌器过载,高,TK110_AGI,电流 > 额定 120% 持续 10 s,物料粘度过高；叶轮被异物卡住；液位过低造成搅拌不稳定；减速机故障,停止加料并降低搅拌转速；检查罐内异常声；确认液位和粘度；必要时停机检修,电流恢复正常,DOC-TK110_tank_batching_alarm_manual.docx,DOC-TK110-SEC-04,DOC-TK110-CH-006,DOC-TK110-TALARM,DOC-TK110-TALARM-R006,AGI
DOC-TK110,配料与储罐系统,TK110 配料罐,制剂车间配料区,TK110-A007,泡沫检测报警,中,TK110_FOAM,泡沫探头动作超过 20 s,进料速度过快；消泡剂不足；配方温度不合适；探头挂料,降低进料速度；按规程加入消泡剂；检查温度和搅拌速度；清洁泡沫探头,泡沫探头复位且液位可信,DOC-TK110_tank_batching_alarm_manual.docx,DOC-TK110-SEC-04,DOC-TK110-CH-007,DOC-TK110-TALARM,DOC-TK110-TALARM-R007,FOAM
DOC-TK110,配料与储罐系统,TK110 配料罐,制剂车间配料区,TK110-A008,配方不匹配,高,TK110_RECIPE,当前物料/批号与配方不一致,扫码错误；MES 下发版本过旧；人工选择错误配方；物料标签污染,立即停止投料；核对 MES 配方版本；通知质量复核物料；错误物料不得混入,配方和物料复核通过,DOC-TK110_tank_batching_alarm_manual.docx,DOC-TK110-SEC-04,DOC-TK110-CH-008,DOC-TK110-TALARM,DOC-TK110-TALARM-R008,RECIPE
DOC-TK110,配料与储罐系统,TK110 配料罐,制剂车间配料区,TK110-A009,流量计脉冲丢失,中,TK110_FT,阀开且泵运行但脉冲为 0,流量计卡死；线缆断线；小流量低于下限；脉冲输入模块故障,暂停对应投料；检查现场流量；测量脉冲信号；切换备用计量方式需审批,脉冲恢复或备用计量确认,DOC-TK110_tank_batching_alarm_manual.docx,DOC-TK110-SEC-04,DOC-TK110-CH-009,DOC-TK110-TALARM,DOC-TK110-TALARM-R009,FT
DOC-TK110,配料与储罐系统,TK110 配料罐,制剂车间配料区,TK110-A010,CIP 未完成,高,TK110_CIP,CIP 状态未完成但请求投料,清洗步骤中断；电导率未达标；操作员误跳步；CIP 记录未回传,禁止投料；查看 CIP 步骤记录；完成补洗或重新清洗；质量确认后解除,CIP 完成且 QA 放行,DOC-TK110_tank_batching_alarm_manual.docx,DOC-TK110-SEC-04,DOC-TK110-CH-010,DOC-TK110-TALARM,DOC-TK110-TALARM-R010,CIP
